{
    "SAM-vs-SAM": 1.0,
    "SAM-vs-ANN": 8.935267676368525e-69,
    "SAM-vs-KASAM": 8.152542582309952e-48,
    "SAM-vs-KASAM+PR": 2.4733832857675333e-49,
    "ANN-vs-ANN": 1.0,
    "ANN-vs-KASAM": 4.0278073999505195e-58,
    "ANN-vs-KASAM+PR": 1.5263471288259943e-58,
    "KASAM-vs-KASAM": 1.0,
    "KASAM-vs-KASAM+PR": 0.8538414784365098,
    "KASAM+PR-vs-KASAM+PR": 1.0
}