{
    "SAM-vs-SAM": 1.0,
    "SAM-vs-ANN": 9.406849103188316e-59,
    "SAM-vs-KASAM": 5.160309020953878e-57,
    "SAM-vs-KASAM+PR": 5.4181495068769526e-27,
    "ANN-vs-ANN": 1.0,
    "ANN-vs-KASAM": 2.4509616836883435e-54,
    "ANN-vs-KASAM+PR": 1.2644895552489592e-71,
    "KASAM-vs-KASAM": 1.0,
    "KASAM-vs-KASAM+PR": 0.05979851757493683,
    "KASAM+PR-vs-KASAM+PR": 1.0
}