{
    "SAM-vs-SAM": 1.0,
    "SAM-vs-ANN": 4.560712557211116e-81,
    "SAM-vs-KASAM": 2.572391179178916e-19,
    "SAM-vs-KASAM+PR": 1.4240013988075941e-19,
    "ANN-vs-ANN": 1.0,
    "ANN-vs-KASAM": 1.6206357584202644e-60,
    "ANN-vs-KASAM+PR": 1.5629917017033798e-59,
    "KASAM-vs-KASAM": 1.0,
    "KASAM-vs-KASAM+PR": 0.45266012311268156,
    "KASAM+PR-vs-KASAM+PR": 1.0
}