{
    "SAM-vs-SAM": 1.0,
    "SAM-vs-ANN": 1.549933652757441e-42,
    "SAM-vs-KASAM": 6.821213022657346e-22,
    "SAM-vs-KASAM+PR": 3.634063900874435e-44,
    "ANN-vs-ANN": 1.0,
    "ANN-vs-KASAM": 1.3336391846297392e-13,
    "ANN-vs-KASAM+PR": 3.0966187464771228e-46,
    "KASAM-vs-KASAM": 1.0,
    "KASAM-vs-KASAM+PR": 5.072041368830496e-24,
    "KASAM+PR-vs-KASAM+PR": 1.0
}