{
    "SAM-vs-SAM": 1.0,
    "SAM-vs-ANN": 2.0339778081821477e-77,
    "SAM-vs-KASAM": 2.9008660925439435e-23,
    "SAM-vs-KASAM+PR": 2.520402230662289e-24,
    "ANN-vs-ANN": 1.0,
    "ANN-vs-KASAM": 4.601486622754358e-05,
    "ANN-vs-KASAM+PR": 3.1106973188291833e-86,
    "KASAM-vs-KASAM": 1.0,
    "KASAM-vs-KASAM+PR": 2.088107635726727e-24,
    "KASAM+PR-vs-KASAM+PR": 1.0
}