{
    "SAM-vs-SAM": 1.0,
    "SAM-vs-ANN": 6.01455277407578e-37,
    "SAM-vs-KASAM": 2.310052878121383e-11,
    "SAM-vs-KASAM+PR": 1.203950532844918e-34,
    "ANN-vs-ANN": 1.0,
    "ANN-vs-KASAM": 2.1206766503546913e-09,
    "ANN-vs-KASAM+PR": 3.110973801487023e-38,
    "KASAM-vs-KASAM": 1.0,
    "KASAM-vs-KASAM+PR": 1.844440012907275e-12,
    "KASAM+PR-vs-KASAM+PR": 1.0
}