{
    "SAM-vs-SAM": 1.0,
    "SAM-vs-ANN": 1.292673975143723e-22,
    "SAM-vs-KASAM": 4.791884011511865e-35,
    "SAM-vs-KASAM+PR": 1.1658836871462115e-59,
    "ANN-vs-ANN": 1.0,
    "ANN-vs-KASAM": 3.681410083378474e-12,
    "ANN-vs-KASAM+PR": 9.640110480043165e-25,
    "KASAM-vs-KASAM": 1.0,
    "KASAM-vs-KASAM+PR": 3.617401182145355e-38,
    "KASAM+PR-vs-KASAM+PR": 1.0
}