{
    "SAM-vs-SAM": 1.0,
    "SAM-vs-ANN": 4.5144925133583974e-29,
    "SAM-vs-KASAM": 1.0396287362843299e-32,
    "SAM-vs-KASAM+PR": 3.4294353717028303e-71,
    "ANN-vs-ANN": 1.0,
    "ANN-vs-KASAM": 4.2284744021573504e-17,
    "ANN-vs-KASAM+PR": 2.649846432313169e-32,
    "KASAM-vs-KASAM": 1.0,
    "KASAM-vs-KASAM+PR": 3.933779405183553e-37,
    "KASAM+PR-vs-KASAM+PR": 1.0
}