{
    "SAM-vs-SAM": 1.0,
    "SAM-vs-ANN": 3.0688529073260525e-86,
    "SAM-vs-KASAM": 2.965724470313891e-54,
    "SAM-vs-KASAM+PR": 9.96585657609605e-66,
    "ANN-vs-ANN": 1.0,
    "ANN-vs-KASAM": 6.173679235728107e-48,
    "ANN-vs-KASAM+PR": 5.181688977382103e-101,
    "KASAM-vs-KASAM": 1.0,
    "KASAM-vs-KASAM+PR": 4.189390836411814e-62,
    "KASAM+PR-vs-KASAM+PR": 1.0
}