{
    "SAM-vs-SAM": 1.0,
    "SAM-vs-ANN": 3.0706394067516036e-45,
    "SAM-vs-KASAM": 0.16568673964486924,
    "SAM-vs-KASAM+PR": 0.4434312220478084,
    "ANN-vs-ANN": 1.0,
    "ANN-vs-KASAM": 1.6054392977624925e-45,
    "ANN-vs-KASAM+PR": 8.490615375438151e-46,
    "KASAM-vs-KASAM": 1.0,
    "KASAM-vs-KASAM+PR": 0.8115542014557253,
    "KASAM+PR-vs-KASAM+PR": 1.0
}