{
    "SAM-vs-SAM": 1.0,
    "SAM-vs-ANN": 2.3454656796081547e-22,
    "SAM-vs-KASAM": 6.912013945847699e-16,
    "SAM-vs-KASAM+PR": 1.399276788629345e-14,
    "ANN-vs-ANN": 1.0,
    "ANN-vs-KASAM": 2.9720649908003077e-22,
    "ANN-vs-KASAM+PR": 3.1204740609892317e-22,
    "KASAM-vs-KASAM": 1.0,
    "KASAM-vs-KASAM+PR": 0.04240182872580299,
    "KASAM+PR-vs-KASAM+PR": 1.0
}