{
    "SAM-vs-SAM": 1.0,
    "SAM-vs-ANN": 1.401272756174544e-20,
    "SAM-vs-KASAM": 8.25307365052105e-13,
    "SAM-vs-KASAM+PR": 9.110268561722511e-17,
    "ANN-vs-ANN": 1.0,
    "ANN-vs-KASAM": 1.974342104905464e-20,
    "ANN-vs-KASAM+PR": 1.9107935861752994e-20,
    "KASAM-vs-KASAM": 1.0,
    "KASAM-vs-KASAM+PR": 0.18221012115321733,
    "KASAM+PR-vs-KASAM+PR": 1.0
}