{
    "SAM-vs-SAM": 1.0,
    "SAM-vs-ANN": 0.0006645842549008939,
    "SAM-vs-KASAM": 6.559930731312822e-71,
    "SAM-vs-KASAM+PR": 3.9981270916606297e-67,
    "ANN-vs-ANN": 1.0,
    "ANN-vs-KASAM": 1.7570762639517528e-70,
    "ANN-vs-KASAM+PR": 8.714507050941115e-67,
    "KASAM-vs-KASAM": 1.0,
    "KASAM-vs-KASAM+PR": 0.6018397991782992,
    "KASAM+PR-vs-KASAM+PR": 1.0
}