{
    "SAM-vs-SAM": 1.0,
    "SAM-vs-ANN": 0.001318740919243687,
    "SAM-vs-KASAM": 2.299391865473497e-92,
    "SAM-vs-KASAM+PR": 3.247025438504878e-81,
    "ANN-vs-ANN": 1.0,
    "ANN-vs-KASAM": 1.925840287472577e-83,
    "ANN-vs-KASAM+PR": 8.04467375219401e-72,
    "KASAM-vs-KASAM": 1.0,
    "KASAM-vs-KASAM+PR": 0.9246652099728869,
    "KASAM+PR-vs-KASAM+PR": 1.0
}