{
    "SAM-vs-SAM": 1.0,
    "SAM-vs-ANN": 3.5191481648281756e-74,
    "SAM-vs-KASAM": 2.1745442748321686e-07,
    "SAM-vs-KASAM+PR": 1.5870176823896356e-44,
    "ANN-vs-ANN": 1.0,
    "ANN-vs-KASAM": 4.836373594659245e-27,
    "ANN-vs-KASAM+PR": 3.299987924097289e-71,
    "KASAM-vs-KASAM": 1.0,
    "KASAM-vs-KASAM+PR": 5.612725310931048e-27,
    "KASAM+PR-vs-KASAM+PR": 1.0
}