{
    "SAM-vs-SAM": 1.0,
    "SAM-vs-ANN": 3.541362805522609e-44,
    "SAM-vs-KASAM": 5.928581500874798e-12,
    "SAM-vs-KASAM+PR": 7.95211514780977e-65,
    "ANN-vs-ANN": 1.0,
    "ANN-vs-KASAM": 4.10870809553345e-11,
    "ANN-vs-KASAM+PR": 2.3104383521512003e-60,
    "KASAM-vs-KASAM": 1.0,
    "KASAM-vs-KASAM+PR": 3.3531841303476365e-22,
    "KASAM+PR-vs-KASAM+PR": 1.0
}