{
    "SAM-vs-SAM": 1.0,
    "SAM-vs-ANN": 3.466156567224359e-11,
    "SAM-vs-KASAM": 1.7753646698159342e-70,
    "SAM-vs-KASAM+PR": 1.793567995382494e-66,
    "ANN-vs-ANN": 1.0,
    "ANN-vs-KASAM": 6.178262661349392e-74,
    "ANN-vs-KASAM+PR": 8.225095155416608e-69,
    "KASAM-vs-KASAM": 1.0,
    "KASAM-vs-KASAM+PR": 0.2180548249715829,
    "KASAM+PR-vs-KASAM+PR": 1.0
}