{
    "SAM-vs-SAM": 1.0,
    "SAM-vs-ANN": 5.578016113694757e-51,
    "SAM-vs-KASAM": 1.72978082263863e-15,
    "SAM-vs-KASAM+PR": 3.562402557752244e-62,
    "ANN-vs-ANN": 1.0,
    "ANN-vs-KASAM": 3.259180209526806e-17,
    "ANN-vs-KASAM+PR": 1.512317492030637e-76,
    "KASAM-vs-KASAM": 1.0,
    "KASAM-vs-KASAM+PR": 1.39607023653713e-26,
    "KASAM+PR-vs-KASAM+PR": 1.0
}